1502942400000,4261.48000000,4313.62000000,4261.32000000,4308.83000000,47.18100900,1502945999999,202366.13839304,171,35.16050300,150952.47794304,7887.63551305
1502946000000,4308.83000000,4328.69000000,4291.37000000,4315.32000000,23.23491600,1502949599999,100304.82356749,102,21.44807100,92608.27972836,8039.26240152
1502949600000,4330.29000000,4345.45000000,4309.37000000,4324.35000000,7.22969100,1502953199999,31282.31266989,36,4.80286100,20795.31722405,8041.76049845
1502953200000,4316.62000000,4349.99000000,4287.41000000,4349.99000000,4.44324900,1502956799999,19241.05829986,25,2.60229200,11291.34701534,8048.12788573
1502956800000,4333.32000000,4377.85000000,4333.32000000,4360.69000000,0.97280700,1502960399999,4239.50358563,28,0.81465500,3552.74681715,8018.03650010
1502960400000,4360.00000000,4445.78000000,4360.00000000,4444.00000000,10.76362300,1502963999999,47219.35594369,43,10.25840000,44995.37815745,8037.26528855
1502964000000,4441.10000000,4470.00000000,4399.81000000,4460.00000000,24.86539900,1502967599999,110290.72898792,82,21.69869300,96225.97305402,7981.74555518
1502967600000,4460.00000000,4485.39000000,4427.30000000,4427.30000000,27.01805300,1502971199999,120751.56923241,95,26.01588500,116279.95312533,8020.69809580
1502971200000,4436.06000000,4449.56000000,4411.00000000,4411.00000000,23.03239800,1502974799999,102126.51858538,108,15.31299400,67947.83408162,8088.62740433
1502974800000,4411.00000000,4459.00000000,4411.00000000,4459.00000000,31.31243600,1502978399999,138976.63943525,118,26.56404200,117910.47559989,8062.53223091
1502978400000,4459.00000000,4485.39000000,4435.93000000,4470.82000000,51.73589700,1502981999999,230871.45336595,234,38.80718300,173092.11679983,8073.25299101
1502982000000,4470.82000000,4470.82000000,4333.42000000,4352.34000000,68.48127000,1502985599999,302264.18693068,398,44.49991400,196469.33157976,8133.19065768
1502985600000,4352.33000000,4354.35000000,4255.30000000,4354.18000000,67.45879100,1502989199999,290623.45048301,398,39.02673700,168418.36937701,8166.34275168
1502989200000,4354.18000000,4354.84000000,4235.45000000,4289.24000000,59.66491200,1502992799999,256886.35258979,192,38.96753400,168263.66782268,8243.91377283
1502992800000,4289.24000000,4302.45000000,4218.68000000,4256.97000000,51.27516300,1502996399999,218259.35882004,194,45.03123700,191655.18156963,8376.30921953
1502996400000,4241.91000000,4335.30000000,4200.74000000,4325.23000000,46.71085000,1502999999999,199521.93691082,202,42.01085500,179470.98215222,8425.11285235
1503000000000,4307.56000000,4354.84000000,4258.56000000,4346.74000000,48.97547200,1503003599999,210548.88092307,247,42.88313600,184311.30549668,8513.89193293
1503003600000,4346.74000000,4369.69000000,4309.23000000,4333.55000000,61.77303600,1503007199999,268284.94176586,248,51.15261900,222120.07593626,8635.66885373
1503007200000,4333.55000000,4359.13000000,4310.00000000,4336.80000000,57.37614200,1503010799999,248368.27973462,236,44.31354400,191898.14848559,8710.08934398
1503010800000,4313.39000000,4337.38000000,4280.82000000,4285.08000000,81.64526300,1503014399999,352342.56050766,270,64.87738600,279957.43863810,8733.91139481
1503014400000,4285.08000000,4340.62000000,4228.76000000,4286.53000000,82.43547400,1503017999999,353504.41040862,268,70.70359400,303212.28430877,8751.45916501
1503018000000,4269.36000000,4269.36000000,4134.61000000,4243.59000000,75.68488300,1503021599999,318327.52941463,243,45.57356800,192407.48893145,8818.61779592
1503021600000,4251.95000000,4298.64000000,4234.00000000,4267.59000000,54.07133700,1503025199999,230478.62808651,219,46.31683600,197398.07655664,8889.31691080
1503025200000,4244.77000000,4308.70000000,4234.00000000,4292.39000000,64.00134900,1503028799999,273495.00647977,306,52.06157200,222560.20419967,8878.99116096
1503028800000,4292.39000000,4292.39000000,4234.43000000,4287.92000000,50.79751500,1503032399999,216512.63303465,267,45.82618700,195365.98936529,9068.55183622
1503032400000,4287.92000000,4340.62000000,4250.04000000,4313.56000000,64.16928600,1503035999999,275592.04872693,367,45.88825100,197155.27039055,9073.69888492
1503036000000,4313.56000000,4316.98000000,4247.75000000,4279.46000000,64.23542400,1503039599999,275244.60218846,298,47.42860200,203346.94290268,9170.66614625
1503039600000,4279.46000000,4304.67000000,4270.48000000,4300.25000000,69.18680400,1503043199999,296605.44221750,203,64.50365900,276540.54910541,9223.82352585
1503043200000,4285.00000000,4320.71000000,4259.85000000,4282.73000000,74.82984900,1503046799999,321236.59479609,247,65.77348800,282308.78233271,9280.21757220
1503046800000,4265.33000000,4327.25000000,4265.33000000,4304.15000000,45.65315600,1503050399999,196295.12733713,228,40.94698800,176048.32145689,9304.92828410
1503050400000,4304.15000000,4371.52000000,4296.04000000,4356.31000000,51.56367500,1503053999999,223589.16829124,227,39.69560500,172070.12165097,9318.52452741
1503054000000,4356.31000000,4357.37000000,4302.72000000,4340.31000000,24.09344900,1503057599999,104474.97561834,178,20.68965100,89734.11536502,9366.91450807
1503057600000,4320.52000000,4340.31000000,4287.79000000,4331.71000000,15.11895700,1503061199999,65468.18474894,96,13.84160800,59957.88187984,9367.55487693
1503061200000,4302.97000000,4318.16000000,4221.05000000,4293.09000000,46.53376700,1503064799999,199050.62300749,177,36.31146700,155292.00404024,9311.96964003
1503064800000,4293.09000000,4293.09000000,4193.70000000,4259.40000000,74.36894300,1503068399999,315639.90667257,225,63.98473700,271468.25506762,9380.94240101
1503068400000,4259.40000000,4259.40000000,4200.00000000,4236.89000000,39.94771700,1503071999999,169299.81132961,199,32.94050000,139565.93334149,9371.62988671
1503072000000,4234.54000000,4283.79000000,4234.54000000,4250.34000000,45.03882400,1503075599999,191824.09143422,197,39.96772000,170218.42018124,9368.45723199
1503075600000,4250.34000000,4250.34000000,4066.53000000,4193.35000000,62.69146600,1503079199999,263339.89958132,164,47.39396900,199390.75512451,9335.99445598
1503079200000,4171.17000000,4297.75000000,4117.41000000,4117.41000000,25.31865400,1503082799999,105261.88964225,174,23.57619400,98003.74122400,9350.20721785
1503082800000,4086.28000000,4136.48000000,4015.70000000,4136.28000000,60.59802600,1503086399999,246905.17944138,218,42.52106100,173482.04639273,9365.31224186
1503086400000,4135.00000000,4135.00000000,3981.13000000,4021.11000000,19.96803700,1503089999999,80574.64559965,155,10.89954100,44057.00019520,9364.52035407
1503090000000,4015.40000000,4015.40000000,3938.77000000,3975.69000000,14.73863100,1503093599999,58543.24828101,154,10.30475600,40961.50202125,9359.48934952
1503093600000,3996.92000000,4131.83000000,3938.77000000,4113.75000000,29.90620500,1503097199999,120902.09262269,209,26.96412500,109214.87055138,9386.92397079
1503097200000,4106.35000000,4136.48000000,4085.88000000,4108.37000000,44.93683600,1503100799999,184792.56721051,214,38.75503100,159362.75993253,9384.14140858
1503100800000,4108.37000000,4178.31000000,4084.28000000,4163.49000000,41.30887700,1503104399999,170057.40754781,196,34.32518200,141301.03704541,9413.23193550
1503104400000,4163.49000000,4184.69000000,4143.11000000,4148.53000000,28.83517700,1503107999999,120196.96993193,146,25.89172100,107902.47709779,9459.89723957
1503108000000,4148.53000000,4184.00000000,4148.53000000,4156.39000000,18.75447400,1503111599999,77993.67617113,121,15.10916900,62830.69587890,9453.65771424
1503111600000,4180.00000000,4180.00000000,4103.52000000,4138.55000000,19.61192000,1503115199999,81103.36858374,122,17.07310200,70627.43453062,9468.40817753
1503115200000,4138.50000000,4156.00000000,4046.26000000,4068.26000000,17.35323200,1503118799999,71543.77215114,98,11.66582400,48288.45650424,9614.68090209
1503118800000,4123.95000000,4123.95000000,4027.83000000,4077.00000000,12.51419400,1503122399999,51244.65338363,66,9.50767000,39084.70481770,9595.04992690
1503122400000,4077.00000000,4082.00000000,3986.87000000,3986.87000000,51.45543100,1503125999999,208849.63160484,167,31.27553800,126767.85386084,9597.25024354
1503126000000,3969.12000000,4033.47000000,3933.21000000,4033.47000000,31.42922200,1503129599999,125576.69706673,162,24.22999500,96819.49304287,9442.59220347
1503129600000,4033.47000000,4064.84000000,3964.08000000,3999.00000000,18.00640500,1503133199999,72459.21855918,112,10.75804300,43449.86340955,9435.90550677
1503133200000,3999.00000000,4082.25000000,3999.00000000,4068.20000000,5.18422300,1503136799999,20895.48847039,48,3.43730000,13863.39985232,9449.65452386
1503136800000,4054.00000000,4082.00000000,3982.08000000,4000.58000000,5.88683100,1503140399999,23709.85973791,59,4.28816600,17280.02248593,9454.71094407
1503140400000,4016.00000000,4033.00000000,3850.00000000,3957.60000000,48.17858300,1503143999999,190751.80134652,262,25.73607500,102452.57909646,9415.13265905
1503144000000,3945.12000000,4095.00000000,3928.89000000,4095.00000000,22.23098400,1503147599999,89837.07717694,173,15.87464200,64139.15783396,9297.72088974
1503147600000,4095.00000000,4100.00000000,4035.49000000,4039.84000000,12.70566400,1503151199999,51761.33454379,54,8.78095100,35874.00302219,9290.21661561
1503151200000,4066.00000000,4068.31000000,4013.70000000,4042.41000000,4.33442600,1503154799999,17524.48067602,34,3.39363600,13738.04315812,9231.62615218
1503154800000,4036.59000000,4063.44000000,3964.67000000,3972.05000000,8.24450400,1503158399999,33201.04439541,59,5.76553000,23279.32328433,9232.31800303
1503158400000,4036.19000000,4049.69000000,3953.40000000,4000.00000000,4.08417700,1503161999999,16307.55382071,39,2.71990200,10896.53006416,9148.84526704
1503162000000,3985.00000000,4048.99000000,3976.72000000,4027.37000000,3.06954800,1503165599999,12263.24524165,25,2.20420200,8812.37707512,9141.24818084
1503165600000,4013.69000000,4096.00000000,4013.69000000,4086.29000000,17.14820200,1503169199999,69270.61900105,75,13.73536700,55462.50713029,9151.51538995
1503169200000,4073.47000000,4103.92000000,4073.47000000,4076.12000000,1.62312900,1503172799999,6637.28485963,22,1.43920200,5885.20597736,9141.76888514
1503172800000,4088.71000000,4103.92000000,4051.47000000,4075.98000000,2.98757000,1503176399999,12154.59138449,34,1.39417700,5686.41545392,9145.72140807
1503176400000,4075.98000000,4149.99000000,4074.23000000,4074.23000000,3.95219400,1503179999999,16200.70034813,35,3.47919400,14269.59204813,9144.47232364
1503180000000,4090.00000000,4141.00000000,4090.00000000,4139.98000000,2.35809700,1503183599999,9725.38785592,36,2.19875500,9072.82585432,9140.66625683
1503183600000,4120.78000000,4139.98000000,4120.78000000,4139.98000000,0.05269900,1503187199999,217.87156282,8,0.05269900,217.87156282,9184.08552906
1503187200000,4120.98000000,4139.98000000,4044.00000000,4086.09000000,2.34392400,1503190799999,9598.79150213,25,2.17108600,8892.22865013,9181.51035798
1503190800000,4086.09000000,4086.09000000,4052.82000000,4082.53000000,1.06115100,1503194399999,4322.95571022,23,0.82209100,3347.57892374,9196.68256901
1503194400000,4096.33000000,4124.69000000,4082.62000000,4124.69000000,2.85856100,1503197999999,11740.06128425,28,2.41756100,9939.62586425,9100.66120913
1503198000000,4111.26000000,4111.26000000,4094.62000000,4094.62000000,0.34764700,1503201599999,1428.51529354,3,0.34764700,1428.51529354,9087.06259150
1503201600000,4094.62000000,4094.62000000,4091.80000000,4093.00000000,0.80924300,1503205199999,3313.40232363,37,0.80924300,3313.40232363,9065.03478249
1503205200000,4087.00000000,4142.16000000,4087.00000000,4117.41000000,10.74305600,1503208799999,44122.84421605,69,9.06706700,37226.00388775,9213.25376846
1503208800000,4117.41000000,4117.41000000,4081.19000000,4115.41000000,2.91555100,1503212399999,11945.53146419,43,2.36455100,9691.59386419,9334.06300603
1503212400000,4081.40000000,4156.56000000,4081.40000000,4155.87000000,14.13606000,1503215999999,58157.39686983,126,7.90722600,32588.22450038,9252.69753132
1503216000000,4155.87000000,4211.08000000,4032.62000000,4184.73000000,17.39551600,1503219599999,72103.77553126,142,7.53445500,31378.61174112,9433.41791165
1503219600000,4155.00000000,4158.61000000,4155.00000000,4155.00000000,0.39588000,1503223199999,1645.26207811,9,0.17296000,719.02947811,9516.52271545
1503223200000,4140.00000000,4142.41000000,4109.84000000,4142.41000000,0.94704400,1503226799999,3915.52036080,11,0.23568900,974.19018080,9548.95198045
1503226800000,4104.68000000,4125.44000000,4080.00000000,4106.53000000,17.28150300,1503230399999,70777.45523685,106,12.31595100,50488.72177919,9680.68801577
1503230400000,4106.53000000,4125.43000000,4080.00000000,4108.47000000,2.76584000,1503233999999,11339.30919340,48,1.63899400,6723.51095932,9729.11126183
1503234000000,4125.00000000,4125.00000000,4063.35000000,4063.35000000,1.25816200,1503237599999,5114.58344535,5,0.01322900,54.56493980,9725.17904699
1503237600000,4096.32000000,4096.32000000,4068.50000000,4096.32000000,1.46565000,1503241199999,6001.13573840,14,1.39551400,5714.96853696,9776.87489988
1503241200000,4100.00000000,4125.00000000,4100.00000000,4125.00000000,23.62361400,1503244799999,97052.02730912,61,19.28324900,79229.15875570,9866.10295518
1503244800000,4125.00000000,4150.00000000,4091.59000000,4131.46000000,23.36697800,1503248399999,96322.09809808,85,19.04470800,78474.37138361,9908.26505961
1503248400000,4131.46000000,4138.07000000,4101.40000000,4129.00000000,49.21666400,1503251999999,202834.01217010,232,41.91745100,172687.41235295,9901.65813544
1503252000000,4129.32000000,4158.61000000,4116.00000000,4154.56000000,48.08887500,1503255599999,198738.21348253,185,42.70427100,176463.34620586,9939.96730671
1503255600000,4154.56000000,4185.94000000,4144.85000000,4164.60000000,49.32300000,1503259199999,205482.12188185,187,43.15926800,179794.61857876,9922.37566126
1503259200000,4161.59000000,4171.62000000,4116.00000000,4140.93000000,53.43763500,1503262799999,221127.66956549,208,45.84693200,189677.68647736,9969.12458060
1503262800000,4140.93000000,4156.56000000,4128.75000000,4150.00000000,35.72742400,1503266399999,147963.47797392,215,28.49813600,118008.50288210,10080.98423253
1503266400000,4162.59000000,4169.98000000,4132.31000000,4169.98000000,38.09857700,1503269999999,158291.24056827,216,28.35679400,117775.34985650,10110.29510337
1503270000000,4151.14000000,4171.62000000,4069.13000000,4086.29000000,69.47546700,1503273599999,287026.98902909,243,58.77187400,242810.11632155,10125.41408414
1503273600000,4069.13000000,4119.62000000,4062.78000000,4108.28000000,53.09132500,1503277199999,217258.14356334,269,48.23793600,197374.79647379,10176.74142251
1503277200000,4108.28000000,4114.86000000,4080.66000000,4094.60000000,55.96914700,1503280799999,229146.59436915,225,50.54702600,206913.31843424,10214.99196612
1503280800000,4094.60000000,4109.26000000,4039.00000000,4079.94000000,58.96114900,1503284399999,239947.68149698,212,48.63534400,197913.30633981,10198.85359616
1503284400000,4079.94000000,4104.68000000,4048.74000000,4084.76000000,52.81652200,1503287999999,215264.01272785,225,44.96523600,183225.38115364,10338.30080168
1503288000000,4079.26000000,4104.68000000,4047.75000000,4104.68000000,39.49077200,1503291599999,161089.99791657,238,31.26235600,127491.98910214,10401.81223132
1503291600000,4104.68000000,4104.68000000,4011.02000000,4016.90000000,67.18030200,1503295199999,272054.24394350,277,54.61876600,221044.16990828,10525.61752568
1503295200000,4011.04000000,4032.01000000,3953.40000000,3982.96000000,66.69774500,1503298799999,266615.31731919,355,48.36900100,193376.77181416,10594.18082006
1503298800000,3982.96000000,4055.92000000,3970.63000000,4043.63000000,49.20631000,1503302399999,197993.20558832,330,44.82330200,180401.72148319,10870.05610698
1503302400000,4043.63000000,4055.92000000,4010.78000000,4036.30000000,54.91233500,1503305999999,221558.77651953,198,47.37164100,191104.36780883,11110.70088002
1503306000000,4036.30000000,4077.07000000,4035.82000000,4074.00000000,3.90470800,1503309599999,15822.55098374,53,3.30692200,13408.48712314,11055.06345999
1503309600000,4066.00000000,4088.12000000,4066.00000000,4088.10000000,5.09050400,1503313199999,20748.78034993,100,4.74074700,19322.44308593,11091.71593911
1503313200000,4063.00000000,4063.00000000,4000.01000000,4023.11000000,14.97076700,1503316799999,60239.78628954,103,8.28641200,33326.06229069,11125.99881072
1503316800000,4023.11000000,4023.11000000,4000.00000000,4000.00000000,6.47768000,1503320399999,25971.91429993,96,3.53967500,14208.34563302,11270.49490150
1503320400000,4000.00000000,4023.11000000,3934.43000000,3951.49000000,22.20798500,1503323999999,88410.18640870,180,4.70077000,18815.19112021,11282.32176043
1503324000000,3914.59000000,4023.11000000,3911.79000000,3989.17000000,7.69530100,1503327599999,30441.02270329,103,4.67285600,18508.85128749,11275.58209060
1503327600000,3967.50000000,4022.00000000,3920.55000000,4022.00000000,7.38183000,1503331199999,29590.50297993,100,5.04127300,20209.20871704,11181.53868221
1503331200000,4005.99000000,4029.05000000,3951.26000000,4029.05000000,7.31654300,1503334799999,29255.73036742,70,4.17266200,16687.55112744,11261.68476506
1503334800000,4019.99000000,4029.06000000,3951.26000000,4016.20000000,5.07252800,1503338399999,20279.25427174,66,3.96342300,15873.65834645,11249.46699350
1503338400000,3997.57000000,4029.06000000,3918.80000000,3918.80000000,3.88447700,1503341999999,15462.86836218,73,2.14063400,8555.41008629,11318.37114750
1503342000000,3918.80000000,4042.11000000,3918.80000000,4027.05000000,8.19338200,1503345599999,32899.80295158,121,7.64659400,30710.03429735,11428.72263638
1503345600000,4027.05000000,4042.11000000,3950.00000000,4025.04000000,32.10859900,1503349199999,129107.80195371,164,27.80947200,111872.17790667,11447.56134259
1503349200000,4025.04000000,4070.49000000,4007.51000000,4039.10000000,39.35671200,1503352799999,158477.26147012,194,35.71309600,143745.65985353,11509.56288671
1503352800000,4039.10000000,4041.23000000,4008.63000000,4041.10000000,18.79265400,1503356399999,75681.93035110,113,14.07962200,56683.43650970,11656.89941300
1503356400000,4025.00000000,4031.87000000,3987.50000000,4016.00000000,10.96378300,1503359999999,43914.34683994,107,8.71134100,34890.21325534,11706.76997007
1503360000000,4016.00000000,4016.00000000,3789.95000000,3790.00000000,60.33901700,1503363599999,237019.21075116,285,42.47088600,167027.92639288,11757.31773768
1503363600000,3790.00000000,3890.51000000,3688.97000000,3700.00000000,30.12650900,1503367199999,112876.96594438,237,18.85303200,70691.36325690,11701.96961750
1503367200000,3700.00000000,3849.98000000,3689.00000000,3849.98000000,8.33460400,1503370799999,31846.37262352,130,7.43106100,28462.10620285,12123.32407804
1503370800000,3822.50000000,3862.39000000,3802.53000000,3862.39000000,15.88521600,1503374399999,61002.02238577,79,10.45175100,40187.98194850,12280.16637919
1503374400000,3863.00000000,3868.57000000,3450.98000000,3500.80000000,28.66603900,1503377999999,105969.34583485,138,9.46381200,35558.67732964,12148.63179670
1503378000000,3500.80000000,3695.62000000,3400.00000000,3626.99000000,14.49939000,1503381599999,50947.73083032,93,4.22563200,14969.98538464,12019.61987953
1503381600000,3619.95000000,3854.46000000,3619.95000000,3803.00000000,62.09636900,1503385199999,236465.26163966,295,50.24466400,191175.31810546,11970.70983975
1503385200000,3803.00000000,3803.00000000,3733.80000000,3798.08000000,61.95972100,1503388799999,234263.26886182,409,45.50034600,172147.47318986,11936.69980562
1503388800000,3798.08000000,3805.76000000,3750.08000000,3794.12000000,36.86811100,1503392399999,139546.72382920,265,32.47577600,122889.17011529,11848.49463308
1503392400000,3794.12000000,3920.31000000,3775.01000000,3904.56000000,76.17217800,1503395999999,294063.05957005,303,60.95948200,235306.28482601,11775.13939042
1503396000000,3904.56000000,3904.56000000,3826.12000000,3844.08000000,59.32218100,1503399599999,229586.80486086,461,35.90987700,139226.63935860,11795.10174331
1503399600000,3844.07000000,3905.56000000,3841.18000000,3866.48000000,49.36876600,1503403199999,190978.84644750,437,9.15759200,35556.60575299,11737.00013732
1503403200000,3866.48000000,3990.12000000,3853.53000000,3934.01000000,75.78758400,1503406799999,296230.10335466,605,18.88382400,74272.24336796,11763.56386967
1503406800000,3949.01000000,3964.75000000,3874.35000000,3920.99000000,38.62387100,1503410399999,150997.34844015,437,6.93754300,27221.66549713,11768.67974598
1503410400000,3874.38000000,3920.99000000,3786.81000000,3849.00000000,26.18252800,1503413999999,100888.08334967,236,5.76224700,22271.92939696,11712.20219132
1503414000000,3829.50000000,3921.63000000,3810.07000000,3858.23000000,38.76443800,1503417599999,150171.96891324,193,10.57207900,41205.17938430,11707.98130638
1503417600000,3858.23000000,3952.89000000,3853.47000000,3905.84000000,34.77977800,1503421199999,135445.83744289,162,4.93791800,19324.57841995,11728.90056232
1503421200000,3905.84000000,3998.99000000,3888.79000000,3943.00000000,45.27912800,1503424799999,178848.96035520,234,11.89500100,47345.22389232,11760.26111467
1503424800000,3944.00000000,4104.82000000,3944.00000000,4043.76000000,45.13214300,1503428399999,181891.61134117,309,6.52534500,26322.93015794,11742.61092585
1503428400000,4071.22000000,4101.24000000,3984.23000000,3984.24000000,34.34460600,1503431999999,138354.71864992,312,4.78032700,19428.79448110,11791.64631318
1503432000000,3984.50000000,4061.54000000,3953.13000000,3960.29000000,30.51242400,1503435599999,121695.66128644,187,6.17681100,24898.28608097,11814.88653339
1503435600000,3960.29000000,4038.96000000,3946.67000000,3946.67000000,21.28557300,1503439199999,84186.53841976,154,1.58552400,6344.40004567,11805.08210724
1503439200000,3999.96000000,4046.11000000,3944.04000000,4002.00000000,31.26490300,1503442799999,124945.30862149,289,6.53300000,26256.37774432,11820.06123134
1503442800000,4009.10000000,4045.00000000,3944.03000000,4040.00000000,41.08978100,1503446399999,164284.01838683,244,12.26165100,49097.22901002,11773.27950025
1503446400000,4040.00000000,4077.18000000,4013.89000000,4036.00000000,23.85003700,1503449999999,96339.81840902,197,4.42897700,17989.32498604,11754.15803804
1503450000000,4048.10000000,4100.00000000,4035.38000000,4100.00000000,46.57641000,1503453599999,189275.59312344,215,7.68148700,31352.38075136,11732.71724311
1503453600000,4101.53000000,4127.99000000,4049.74000000,4083.72000000,45.83522600,1503457199999,187993.02773077,369,4.18231700,17170.98352231,11713.44255263
1503457200000,4083.72000000,4126.99000000,4050.04000000,4100.41000000,43.39671100,1503460799999,177397.16837484,216,7.12771200,29292.48695676,11715.48393939
1503460800000,4084.54000000,4115.87000000,4054.01000000,4083.60000000,37.86941800,1503464399999,154650.91254769,278,9.10240100,37314.59343725,11747.55644895
1503464400000,4084.00000000,4110.00000000,4053.18000000,4053.18000000,32.81943100,1503467999999,133793.55309011,230,7.15001200,29280.93253939,11739.14967828
1503468000000,4064.00000000,4099.99000000,4035.32000000,4080.00000000,35.94249300,1503471599999,146480.61647680,262,7.13992700,29192.57307617,11801.59428801
1503471600000,4089.45000000,4098.88000000,4052.49000000,4074.88000000,35.20826100,1503475199999,143395.02334814,341,3.89185900,15925.40110496,11859.67684336
1503475200000,4081.63000000,4124.00000000,4057.00000000,4124.00000000,37.69791800,1503478799999,153734.10470187,252,7.28004800,29803.78858092,11910.89931516
1503478800000,4123.88000000,4242.32000000,4100.15000000,4203.12000000,40.18119700,1503482399999,168331.12865980,220,6.70189900,28280.43918166,11859.40287037
1503482400000,4208.11000000,4228.02000000,4188.63000000,4228.02000000,24.06287400,1503485999999,101355.70359986,203,5.76633700,24358.36836266,11975.47850112
1503486000000,4203.12000000,4237.99000000,4174.09000000,4237.99000000,33.08203300,1503489599999,139194.61214233,378,16.44694600,69290.60133787,11980.18275816
1503489600000,4205.98000000,4265.80000000,4174.00000000,4215.68000000,62.63869000,1503493199999,264786.21827334,641,30.04745500,127327.78285044,12027.55662518
1503493200000,4215.68000000,4230.92000000,4155.00000000,4211.00000000,81.24825400,1503496799999,341206.92780045,1038,55.16165100,231941.22412850,12214.28569998
1503496800000,4166.89000000,4212.29000000,4154.51000000,4174.00000000,58.31394200,1503500399999,244522.26585230,659,33.66504300,141447.36527435,12144.96068772
1503500400000,4174.00000000,4226.95000000,4150.65000000,4197.05000000,35.15968300,1503503999999,147291.38761200,263,10.07356600,42345.44594124,12250.54758856
1503504000000,4226.94000000,4259.58000000,4197.05000000,4210.03000000,71.14975500,1503507599999,300581.07447514,1103,38.18921000,161649.76503356,12375.85038872
1503507600000,4220.56000000,4231.00000000,4166.27000000,4166.27000000,39.17049400,1503511199999,164134.26583127,317,10.01577900,42093.99354774,12583.70962094
1503511200000,4166.27000000,4191.71000000,4135.38000000,4143.37000000,31.86493300,1503514799999,132417.82651000,218,1.91005600,7999.35671201,12625.22886315
1503514800000,4143.37000000,4168.90000000,4103.51000000,4117.07000000,32.45240300,1503518399999,134123.08083034,218,3.86903300,16070.31625173,12654.96938119
1503518400000,4136.48000000,4136.48000000,4073.41000000,4118.40000000,42.75765700,1503521999999,175108.24627081,239,13.21423100,54322.13762495,12674.10901242
1503522000000,4105.25000000,4178.65000000,4090.00000000,4090.00000000,41.06808400,1503525599999,169175.35999736,258,10.30798600,42740.96968409,12670.05681311
1503525600000,4090.00000000,4152.00000000,4069.80000000,4114.20000000,27.13866400,1503529199999,111340.22703448,249,5.20358100,21432.66413259,12684.73356690
1503529200000,4151.88000000,4169.99000000,4113.79000000,4114.01000000,41.65199700,1503532799999,172058.32312752,265,10.86157900,44944.20017608,12724.37533462
1503532800000,4147.00000000,4154.55000000,4114.08000000,4131.00000000,30.11173600,1503536399999,124536.56574856,222,4.31983800,17936.33414398,12726.59424647
1503536400000,4132.00000000,4195.00000000,4113.90000000,4140.91000000,30.56627800,1503539999999,126792.35126619,206,4.33619900,18059.25547735,12789.38526712
1503540000000,4141.88000000,4204.55000000,4131.92000000,4131.92000000,27.82950200,1503543599999,115892.92484727,291,6.41435600,26783.91401755,12822.04380769
1503543600000,4146.97000000,4163.59000000,4085.01000000,4113.58000000,35.01263400,1503547199999,144328.52252791,184,11.99035000,49611.94877027,12817.18909037
1503547200000,4113.58000000,4148.19000000,4090.39000000,4113.98000000,32.24757100,1503550799999,132792.78946036,224,6.58374900,27262.13723845,12901.15615391
1503550800000,4113.98000000,4177.64000000,4113.49000000,4132.09000000,28.15876900,1503554399999,116441.34416359,215,6.10110300,25293.97224734,13018.71198253
1503554400000,4132.09000000,4177.18000000,4131.91000000,4133.42000000,29.92153600,1503557999999,124168.41099771,187,3.90791400,16287.10555072,13146.74996560
1503558000000,4153.97000000,4173.99000000,4133.41000000,4153.32000000,32.85158400,1503561599999,136461.99518260,163,5.06338300,21119.26009569,13163.63412102
1503561600000,4153.80000000,4206.88000000,4153.32000000,4200.00000000,32.27542800,1503565199999,135102.78018894,214,6.28624700,26343.61604714,13094.46128416
1503565200000,4200.00000000,4224.00000000,4150.00000000,4165.01000000,38.91634600,1503568799999,163088.88514981,382,14.51980800,61022.35180438,13112.82591584
1503568800000,4166.00000000,4250.94000000,4165.01000000,4173.98000000,66.49455200,1503572399999,278471.29594082,774,41.17008800,172680.57009559,13545.95933721
1503572400000,4173.98000000,4215.74000000,4166.67000000,4202.00000000,33.80016200,1503575999999,141397.15996664,344,11.07970700,46452.62596920,13880.36118142
1503576000000,4211.78000000,4224.64000000,4136.33000000,4150.89000000,31.36047200,1503579599999,131117.03736356,342,11.13367900,46673.84536136,14045.64736784
1503579600000,4167.69000000,4184.48000000,4148.78000000,4157.74000000,38.64067800,1503583199999,160719.79290012,353,6.05375500,25209.90106501,14031.84362759
1503583200000,4173.11000000,4250.90000000,4157.74000000,4221.00000000,52.31597500,1503586799999,219460.65263933,402,21.28775200,89351.53774648,14131.14036137
1503586800000,4235.90000000,4250.78000000,4196.01000000,4222.00000000,24.68021700,1503590399999,104071.36262586,167,4.90754600,20742.32684218,14134.68303832
1503590400000,4223.06000000,4250.71000000,4207.86000000,4215.00000000,29.31562000,1503593999999,123831.66620816,231,6.11329200,25857.38544557,14237.76932019
1503594000000,4225.50000000,4236.00000000,4178.22000000,4188.18000000,27.54263300,1503597599999,115785.73377483,246,3.37326500,14207.45200284,14272.71067785
1503597600000,4188.18000000,4221.00000000,4179.22000000,4221.00000000,28.00058100,1503601199999,117421.77682590,164,2.62941100,11053.85777606,14216.74709598
1503601200000,4234.00000000,4250.77000000,4206.61000000,4216.07000000,26.72052400,1503604799999,112811.21731799,198,4.12526200,17484.64346257,14250.42269951
1503604800000,4216.10000000,4245.00000000,4193.17000000,4193.50000000,22.59896500,1503608399999,95238.49583730,157,3.55434800,15053.31961850,14293.94733259
1503608400000,4208.10000000,4234.00000000,4205.87000000,4207.00000000,23.74329100,1503611999999,100086.46619221,231,5.66632000,23954.10079812,14289.14942538
1503612000000,4207.00000000,4330.61000000,4206.11000000,4326.23000000,28.53797900,1503615599999,121486.06277967,163,4.61783300,19686.39048766,14264.39118895
1503615600000,4326.24000000,4371.68000000,4297.76000000,4316.01000000,35.77572000,1503619199999,154971.12325943,187,11.58520700,50251.21206719,14231.32630532
1503619200000,4316.01000000,4369.00000000,4310.59000000,4366.00000000,48.18978400,1503622799999,208959.64199728,632,6.83178000,29732.00125124,14200.41453928
1503622800000,4368.00000000,4370.00000000,4328.58000000,4333.01000000,36.70020400,1503626399999,159681.15788884,475,5.86159400,25535.76703584,14114.77493055
1503626400000,4333.01000000,4363.71000000,4328.58000000,4363.71000000,27.69657100,1503629999999,120338.33635291,224,10.64642500,46287.79257977,13978.24978494
1503630000000,4346.14000000,4363.71000000,4295.75000000,4312.69000000,28.51796700,1503633599999,123004.91271326,180,5.16828900,22374.74895298,13596.04615877
1503633600000,4312.69000000,4362.00000000,4310.20000000,4310.20000000,30.47697300,1503637199999,131963.26608026,322,4.99941600,21708.31301397,13374.49770563
1503637200000,4296.63000000,4340.00000000,4281.04000000,4281.04000000,17.86787000,1503640799999,77034.36166927,152,4.80025300,20772.34893265,13329.78759375
1503640800000,4294.79000000,4333.96000000,4267.50000000,4302.72000000,31.83984500,1503644399999,136715.17388260,219,3.74189200,16089.80978916,13355.38472069
1503644400000,4302.72000000,4335.00000000,4300.00000000,4329.00000000,21.32485500,1503647999999,92150.65296820,232,4.72117500,20435.21061558,13393.94329836
1503648000000,4317.81000000,4354.35000000,4316.54000000,4332.17000000,21.36213300,1503651599999,92460.23380881,164,2.76051000,11988.01185592,13408.76878321
1503651600000,4332.17000000,4352.00000000,4332.17000000,4344.56000000,12.23636000,1503655199999,53103.19155886,187,2.96786500,12897.90543293,13511.89407770
1503655200000,4344.56000000,4344.56000000,4298.74000000,4314.33000000,15.03945300,1503658799999,65063.46297304,127,1.24159700,5384.42350432,13654.53326159
1503658800000,4331.67000000,4361.28000000,4313.00000000,4361.27000000,25.79511400,1503662399999,111811.08893997,216,8.98959900,39067.14886062,13694.31899824
1503662400000,4361.27000000,4361.27000000,4261.13000000,4309.69000000,110.99860900,1503665999999,479266.24358939,1891,7.91898800,34255.32181097,13275.62669522
1503666000000,4311.69000000,4345.00000000,4297.66000000,4312.00000000,20.80101800,1503669599999,89785.16092173,188,4.48226400,19379.58081598,13153.07162480
1503669600000,4303.82000000,4340.00000000,4291.52000000,4305.00000000,10.61026600,1503673199999,45804.26802267,139,6.10737800,26391.53326228,13107.53020060
1503673200000,4321.50000000,4422.29000000,4321.50000000,4394.36000000,21.79676300,1503676799999,95349.33516114,189,5.42180100,23667.65045997,12894.49373380
1503676800000,4394.36000000,4453.91000000,4375.29000000,4447.31000000,17.78478000,1503680399999,78475.08439706,179,3.76292300,16626.93257131,12983.54949120
1503680400000,4414.01000000,4424.99000000,4372.29000000,4402.32000000,15.89394400,1503683999999,69953.46661816,163,1.56342200,6859.10023037,12993.32288027
1503684000000,4409.44000000,4449.44000000,4388.88000000,4449.44000000,9.30240700,1503687599999,40996.05428988,123,0.60199300,2658.58212944,12999.46395786
1503687600000,4406.35000000,4420.00000000,4284.11000000,4307.17000000,9.41819900,1503691199999,40906.90183160,53,2.23371300,9706.14953201,12990.22702346
1503691200000,4326.00000000,4326.00000000,4247.48000000,4286.29000000,11.55902200,1503694799999,49429.29263850,142,2.92345300,12601.54390547,12992.32951714
1503694800000,4286.29000000,4336.13000000,4250.08000000,4288.99000000,9.57415300,1503698399999,41252.18901309,112,1.91613800,8266.87303060,12976.13813188
1503698400000,4288.99000000,4365.00000000,4288.99000000,4303.37000000,8.95275500,1503701999999,38638.16090767,134,0.39288100,1705.25812557,12972.80761889
1503702000000,4304.02000000,4343.18000000,4280.68000000,4280.68000000,9.87369500,1503705599999,42495.71113908,111,0.04262500,185.12804750,12945.43630782
1503705600000,4280.71000000,4315.00000000,4274.33000000,4281.00000000,5.19870000,1503709199999,22301.66474729,67,0.76902900,3315.16013000,12894.53162147
1503709200000,4305.50000000,4315.00000000,4282.00000000,4284.00000000,4.25921800,1503712799999,18283.57366126,41,0.68047300,2931.00807420,12831.38224417
1503712800000,4284.00000000,4305.75000000,4260.62000000,4266.04000000,14.61186800,1503716399999,62640.85020169,143,2.77320900,11906.97640217,12724.45101863
1503716400000,4245.01000000,4297.94000000,4228.99000000,4297.94000000,17.56878200,1503719999999,74994.45983673,174,1.46813500,6291.78033994,12681.75318225
1503720000000,4297.94000000,4297.94000000,4271.51000000,4297.94000000,0.54652600,1503723599999,2345.72182340,15,0.36542100,1570.55738688,12576.28014723
1503723600000,4297.94000000,4319.67000000,4252.44000000,4295.75000000,16.85071100,1503727199999,72259.25194890,131,4.21439500,18115.37323181,12299.45539623
1503727200000,4307.72000000,4319.70000000,4280.81000000,4319.70000000,8.94314700,1503730799999,38437.88350488,79,1.90168900,8187.28164260,12104.40664084
1503730800000,4308.82000000,4319.70000000,4297.94000000,4319.70000000,2.36690400,1503734399999,10210.69829808,39,0.95945300,4144.54912410,11974.76368105
1503734400000,4319.70000000,4319.70000000,4318.74000000,4319.70000000,1.61167500,1503737999999,6961.89871254,5,1.55564900,6719.93698530,11946.89526927
1503738000000,4318.74000000,4318.74000000,4260.88000000,4274.84000000,14.72579900,1503741599999,63231.23527479,94,1.93769400,8335.01364854,11882.13911063
1503741600000,4289.12000000,4317.99000000,4289.12000000,4292.80000000,6.29179100,1503745199999,27054.28174337,47,0.75147200,3242.13540328,11876.49113500
1503745200000,4307.50000000,4317.99000000,4287.79000000,4288.72000000,13.52381600,1503748799999,58171.44743703,96,2.40560200,10366.36842128,12129.01065926
1503748800000,4288.72000000,4306.74000000,4234.42000000,4243.98000000,15.68753300,1503752399999,66934.74396213,155,5.54025300,23696.85547989,12045.56792127
1503752400000,4260.41000000,4295.00000000,4221.14000000,4261.89000000,9.43755900,1503755999999,40211.94348868,78,1.63799800,6999.21574865,11939.45527619
1503756000000,4258.53000000,4274.00000000,4242.04000000,4274.00000000,4.29972200,1503759599999,18341.60280509,48,1.19862800,5119.05276340,11875.60986961
1503759600000,4274.00000000,4275.00000000,4246.96000000,4275.00000000,5.23017000,1503763199999,22310.23514188,83,2.86892000,12254.48221836,11875.93875457
1503763200000,4275.00000000,4275.00000000,4212.41000000,4265.97000000,10.51769600,1503766799999,44554.85763101,65,1.38574400,5915.67715434,12007.72651267
1503766800000,4265.97000000,4272.99000000,4230.02000000,4255.19000000,8.88059400,1503770399999,37758.31035254,129,1.72230500,7336.18998304,11975.41869992
1503770400000,4255.19000000,4273.00000000,4236.51000000,4272.00000000,5.58172500,1503773999999,23782.71846530,80,2.09090000,8911.47182574,11960.08924192
1503774000000,4272.00000000,4351.32000000,4258.51000000,4293.52000000,22.45109300,1503777599999,96437.82974633,276,10.92054000,46874.08811859,11806.58769550
1503777600000,4293.52000000,4335.06000000,4279.00000000,4333.56000000,10.69685500,1503781199999,46148.65083722,107,2.92290200,12641.24436118,11766.98512973
1503781200000,4345.00000000,4345.00000000,4288.10000000,4313.98000000,12.21551600,1503784799999,52698.60752079,134,2.06463300,8931.25733391,11763.54549551
1503784800000,4323.06000000,4330.00000000,4288.09000000,4300.00000000,8.40697200,1503788399999,36264.02395528,87,1.53160100,6621.95248079,11760.72049745
1503788400000,4288.10000000,4367.00000000,4288.09000000,4337.44000000,8.20369600,1503791999999,35529.24223589,87,2.52349600,10936.17224446,11789.06750167
1503792000000,4332.51000000,4368.20000000,4315.52000000,4354.00000000,18.54133500,1503795599999,80501.07721990,184,5.50415900,23917.94985713,11784.34387627
1503795600000,4339.00000000,4383.03000000,4338.93000000,4379.32000000,19.41181800,1503799199999,84588.97083299,227,6.23032900,27158.34242418,11803.23748025
1503799200000,4379.50000000,4400.00000000,4368.10000000,4368.10000000,10.68340900,1503802799999,46825.41080745,151,3.96777300,17425.02587282,11807.66137735
1503802800000,4379.24000000,4379.24000000,4314.91000000,4314.91000000,14.34382600,1503806399999,62303.84113492,169,2.50018700,10891.68796197,11842.49700032
1503806400000,4329.19000000,4370.85000000,4303.02000000,4328.00000000,12.73989500,1503809999999,55169.72638594,211,1.99646700,8666.88827866,11863.53007402
1503810000000,4328.00000000,4342.19000000,4293.42000000,4320.52000000,13.12702000,1503813599999,56728.99897238,120,1.69684400,7330.95370551,11776.53357083
1503813600000,4314.90000000,4344.90000000,4314.89000000,4314.90000000,13.07694100,1503817199999,56645.72516422,94,2.63649700,11435.82929643,11740.75935088
1503817200000,4335.11000000,4342.96000000,4298.75000000,4313.84000000,8.53434300,1503820799999,36958.95808091,75,1.60078300,6936.94896715,11820.03940011
1503820800000,4331.29000000,4352.34000000,4302.12000000,4302.14000000,16.11680700,1503824399999,69781.61786025,214,5.78784100,25138.55542853,11823.34152775
1503824400000,4323.90000000,4345.81000000,4302.11000000,4320.81000000,12.86874400,1503827999999,55665.87825370,199,8.52938300,36941.46228487,11739.28393487
1503828000000,4330.00000000,4330.00000000,4285.56000000,4302.73000000,13.82071400,1503831599999,59503.95863099,264,3.66351200,15813.98702263,11806.23765545
1503831600000,4323.87000000,4344.99000000,4285.80000000,4323.37000000,14.33241700,1503835199999,61859.39233334,186,2.37705800,10302.51598199,11799.34253665
1503835200000,4340.00000000,4340.00000000,4298.66000000,4298.66000000,11.00003300,1503838799999,47581.28930901,90,2.27893900,9866.05984430,11711.38827617
1503838800000,4314.11000000,4333.68000000,4285.54000000,4312.69000000,11.89881600,1503842399999,51332.27802027,170,2.10957700,9115.15688035,11548.99499338
1503842400000,4312.69000000,4324.36000000,4295.89000000,4312.19000000,5.18374100,1503845999999,22350.61525580,69,0.34498000,1490.21186178,11532.57407405
1503846000000,4312.19000000,4335.00000000,4295.28000000,4325.00000000,7.19483400,1503849599999,31005.79704211,119,1.82933900,7914.82192633,11566.04001797
1503849600000,4290.01000000,4339.99000000,4290.01000000,4306.00000000,10.84707100,1503853199999,46940.25959291,131,8.22943100,35676.07426291,11496.29690481
1503853200000,4339.99000000,4370.92000000,4306.01000000,4340.00000000,21.11513200,1503856799999,92019.05490668,210,8.22585900,35910.47464677,11484.32128639
1503856800000,4369.00000000,4370.92000000,4335.00000000,4368.41000000,5.62445200,1503860399999,24533.28306907,88,4.35719100,19017.31082131,11487.40529528
1503860400000,4370.42000000,4386.78000000,4327.62000000,4368.41000000,34.52460500,1503863999999,150113.08357912,159,9.51930300,41573.71787220,11467.32234578
1503864000000,4336.12000000,4386.79000000,4336.12000000,4345.00000000,29.23691300,1503867599999,127509.69791340,182,7.76118900,34039.37433508,11457.67124927
1503867600000,4386.00000000,4386.00000000,4336.09000000,4370.00000000,16.74650500,1503871199999,72889.26824459,173,4.99200100,21851.31382000,11466.95380036
1503871200000,4350.00000000,4371.42000000,4315.16000000,4315.16000000,11.03935400,1503874799999,47964.32814643,63,2.20906100,9655.65544538,11468.55786357
1503874800000,4367.40000000,4367.40000000,4309.60000000,4310.01000000,18.68386000,1503878399999,80807.55126919,122,3.30365500,14371.86057387,11456.95307303
1503878400000,4310.01000000,4326.99000000,4282.20000000,4282.20000000,29.53245100,1503881999999,126961.60585228,311,2.74702700,11796.91858923,11427.29852914
1503882000000,4282.20000000,4317.20000000,4265.45000000,4280.04000000,26.81533400,1503885599999,114885.31802015,143,5.20004400,22412.50795007,11421.55030357
1503885600000,4280.04000000,4330.36000000,4258.78000000,4295.00000000,7.80999500,1503889199999,33621.85061654,88,4.40237100,19019.59564374,11386.56461033
1503889200000,4295.00000000,4310.00000000,4239.36000000,4239.37000000,9.13757500,1503892799999,38910.49191509,87,0.14616000,620.42544465,11322.97789883
1503892800000,4239.36000000,4252.76000000,4124.54000000,4227.00000000,39.35437800,1503896399999,164199.06961561,404,18.76966400,78510.38968252,11370.84395154
1503896400000,4251.92000000,4251.92000000,4150.10000000,4169.01000000,21.49009400,1503899999999,89862.20554078,221,8.33641000,35056.26129063,11322.01967324
1503900000000,4223.80000000,4282.07000000,4199.01000000,4221.04000000,16.85659700,1503903599999,71504.33549135,156,12.56506100,53376.78886101,11299.39266304
1503903600000,4221.04000000,4297.11000000,4207.42000000,4261.90000000,16.69612900,1503907199999,71020.73874214,132,7.94286400,33915.11126312,11328.58336042
1503907200000,4261.90000000,4305.00000000,4239.15000000,4252.70000000,22.83495800,1503910799999,97630.85634442,134,12.57628200,53960.05399003,11303.57769108
1503910800000,4252.70000000,4298.83000000,4226.93000000,4227.00000000,18.00116100,1503914399999,76494.34955755,145,4.37550400,18705.00255886,11262.91752069
1503914400000,4240.00000000,4317.21000000,4240.00000000,4290.77000000,36.98736100,1503917999999,157880.99801294,178,3.41799900,14669.98117782,11246.16229881
1503918000000,4290.77000000,4365.40000000,4288.07000000,4308.00000000,43.89855400,1503921599999,189478.67644821,213,17.87183300,77459.29114423,11229.41089191
1503921600000,4309.00000000,4347.00000000,4271.86000000,4280.00000000,34.09629900,1503925199999,146755.00798747,218,8.60269400,37189.16130448,11239.33663987
1503925200000,4280.00000000,4347.00000000,4279.82000000,4347.00000000,20.36285300,1503928799999,87876.00917768,176,8.30635900,35988.19704499,11183.43275934
1503928800000,4295.32000000,4320.90000000,4279.82000000,4291.13000000,32.23260600,1503932399999,138580.96113782,168,3.47194500,14983.94275270,11083.86919714
1503932400000,4291.13000000,4315.00000000,4271.03000000,4273.59000000,35.16679300,1503935999999,151032.48990101,217,3.74677200,16141.95158592,11221.09608673
1503936000000,4317.20000000,4341.99000000,4273.59000000,4322.65000000,23.26661100,1503939599999,100072.93114145,144,0.83632800,3626.50130276,11236.86872419
1503939600000,4322.65000000,4370.45000000,4313.66000000,4324.67000000,41.91569700,1503943199999,182013.92809858,243,3.72915900,16227.47991876,11205.95561680
1503943200000,4324.64000000,4362.99000000,4307.22000000,4312.70000000,18.66693800,1503946799999,80815.51404734,163,1.87435000,8165.34939170,11194.90973845
1503946800000,4312.69000000,4361.37000000,4312.69000000,4321.65000000,23.37643100,1503950399999,101197.81421170,207,2.71909200,11812.04791840,11179.61151073
1503950400000,4321.65000000,4339.80000000,4290.18000000,4312.43000000,13.37158200,1503953999999,57720.15476563,129,0.93150500,4042.54125556,11136.26277336
1503954000000,4312.43000000,4349.98000000,4312.43000000,4331.47000000,20.51705900,1503957599999,88877.24150382,165,2.09687700,9107.22313992,11117.44913192
1503957600000,4346.76000000,4399.82000000,4331.45000000,4353.32000000,22.74944700,1503961199999,99044.38635426,135,2.15503600,9436.30814238,11107.85834701
1503961200000,4353.32000000,4386.69000000,4350.70000000,4386.69000000,28.70471300,1503964799999,125223.59131571,172,5.96644600,26141.17475786,11075.45841897
1503964800000,4353.65000000,4386.68000000,4331.46000000,4349.44000000,20.28708600,1503968399999,88357.60709415,144,1.30140900,5703.58495516,11016.27301198
1503968400000,4349.44000000,4386.69000000,4331.47000000,4349.54000000,20.22274700,1503971999999,88209.44921995,177,7.66471700,33596.10809858,10971.87584758
1503972000000,4349.55000000,4359.99000000,4314.35000000,4314.78000000,17.14654100,1503975599999,74332.06569327,79,1.48877300,6479.73746671,11047.80304163
1503975600000,4359.99000000,4383.99000000,4315.93000000,4376.99000000,21.20570000,1503979199999,92504.64515069,218,5.36739400,23426.82677576,11068.04364813
1503979200000,4363.48000000,4383.98000000,4358.50000000,4363.16000000,27.49227200,1503982799999,120058.51468144,149,1.01876900,4465.33567465,10999.25885223
1503982800000,4363.16000000,4404.05000000,4343.49000000,4356.76000000,30.53829500,1503986399999,133391.24000662,216,7.22480200,31673.68570325,11003.51517839
1503986400000,4356.76000000,4389.49000000,4343.48000000,4363.21000000,30.45445000,1503989999999,132985.09133046,213,11.88595100,52111.43042776,11068.65594858
1503990000000,4389.44000000,4404.07000000,4313.55000000,4329.02000000,39.97194200,1503993599999,174219.47799310,316,10.93011600,47909.96730165,10984.18242369
1503993600000,4328.12000000,4382.99000000,4328.12000000,4352.52000000,25.94743000,1503997199999,112908.81039327,196,4.49430700,19621.27793168,10934.55730076
1503997200000,4352.52000000,4379.99000000,4329.59000000,4367.40000000,30.62444400,1504000799999,133125.29240136,189,5.09369500,22211.27390029,10882.35804154
1504000800000,4367.40000000,4368.47000000,4329.57000000,4346.86000000,11.08336200,1504004399999,48229.75931477,141,0.99040600,4326.46670588,10842.20333766
1504004400000,4346.86000000,4417.61000000,4333.20000000,4368.50000000,20.39619300,1504007999999,89230.69530923,175,6.09921300,26796.88550878,10911.65337353
1504008000000,4368.50000000,4436.94000000,4347.59000000,4408.08000000,41.23711200,1504011599999,180821.64364281,237,6.04128700,26716.46432437,10922.66549332
1504011600000,4417.07000000,4625.85000000,4408.09000000,4580.00000000,34.37351400,1504015199999,154636.01938812,225,16.09108600,72919.55585520,10868.15003837
1504015200000,4581.61000000,4599.96000000,4530.87000000,4545.87000000,19.22064300,1504018799999,87762.17028768,119,8.09259000,37063.02007585,10799.57637194
1504018800000,4545.86000000,4597.97000000,4545.75000000,4570.00000000,33.93330200,1504022399999,155201.41443711,258,7.53686000,34505.90706252,11120.44252187
1504022400000,4569.65000000,4584.00000000,4503.92000000,4503.92000000,30.89022700,1504025999999,140214.25349696,169,2.58455700,11807.25912519,11116.50060565
1504026000000,4505.00000000,4555.55000000,4496.95000000,4555.55000000,36.10073000,1504029599999,163394.14723278,197,4.55486400,20716.83620367,11094.26070561
1504029600000,4533.47000000,4555.54000000,4511.45000000,4536.63000000,25.69219900,1504033199999,116484.49488156,164,5.24702300,23863.68454493,11107.23401103
1504033200000,4536.64000000,4555.55000000,4521.01000000,4555.55000000,34.53107400,1504036799999,156785.74205420,221,13.47159000,61290.03229867,11051.79809229
1504036800000,4540.00000000,4597.00000000,4535.09000000,4577.54000000,13.58793500,1504040399999,62093.40692521,97,5.26045900,24097.65551192,11054.31602612
1504040400000,4563.50000000,4624.99000000,4550.09000000,4618.93000000,25.89768300,1504043999999,119290.62302732,128,7.84386700,36158.98357010,11058.47444611
1504044000000,4618.92000000,4618.92000000,4564.77000000,4591.88000000,4.53926800,1504047599999,20794.14928433,72,1.12815200,5169.05018523,11079.00863723
1504047600000,4590.00000000,4619.60000000,4564.81000000,4587.48000000,8.17087900,1504051199999,37453.02258352,59,2.03068000,9350.99147878,11050.54761867
1504051200000,4564.52000000,4599.78000000,4527.45000000,4575.23000000,26.27279700,1504054799999,119852.99008503,219,2.81725300,12926.38581052,11283.60239266
1504054800000,4576.23000000,4619.99000000,4576.22000000,4597.55000000,45.78088100,1504058399999,210385.29876600,196,3.85683100,17754.06398939,11018.53402365
1504058400000,4597.54000000,4615.55000000,4565.33000000,4604.12000000,25.84694000,1504061999999,118666.24898995,237,4.91414100,22589.10485858,11224.01120793
1504062000000,4586.66000000,4618.30000000,4582.60000000,4583.61000000,21.52441200,1504065599999,98824.87008557,119,1.17702300,5434.22791159,11170.96004048
1504065600000,4600.00000000,4625.00000000,4579.61000000,4579.61000000,44.07068000,1504069199999,202667.36113290,228,12.70292800,58594.88671421,11253.91218417
1504069200000,4599.52000000,4617.00000000,4558.89000000,4590.49000000,34.41904600,1504072799999,157750.30088923,161,3.97381500,18284.30837757,11235.56889009
1504072800000,4590.49000000,4647.51000000,4575.55000000,4588.00000000,39.34143600,1504076399999,181384.53520333,184,8.13566500,37637.01574031,11152.86938484
1504076400000,4588.00000000,4632.00000000,4550.01000000,4550.02000000,31.72028900,1504079999999,145571.68948161,214,6.77869400,31234.33005285,11151.92108986
1504080000000,4550.00000000,4597.00000000,4542.42000000,4552.69000000,22.72769800,1504083599999,103742.44769564,136,2.74160500,12587.82801300,11129.72477021
1504083600000,4566.35000000,4589.77000000,4482.00000000,4482.00000000,30.34239500,1504087199999,137734.94768878,154,6.60192600,30174.52382432,11082.41622744
1504087200000,4502.17000000,4538.09000000,4416.01000000,4477.10000000,80.92942700,1504090799999,362543.76987336,798,30.43427400,136532.44795075,11063.77786470
1504090800000,4538.09000000,4569.00000000,4470.23000000,4498.35000000,42.15230800,1504094399999,190944.99579762,249,17.39403500,78980.21409373,11107.78662273
1504094400000,4537.00000000,4592.76000000,4416.16000000,4570.00000000,52.59406000,1504097999999,237124.64967646,359,19.54661400,89074.13307770,11085.47193688
1504098000000,4561.06000000,4588.00000000,4532.50000000,4585.31000000,40.35774300,1504101599999,184126.12964575,318,12.97907300,59404.20703479,11120.93374695
1504101600000,4584.00000000,4589.67000000,4531.48000000,4558.16000000,33.24882500,1504105199999,151639.50189387,194,12.77846600,58343.71584044,11094.35811127
1504105200000,4549.08000000,4575.18000000,4516.95000000,4546.77000000,36.81285300,1504108799999,167216.75682492,329,12.97965400,59139.03254663,11113.66087771
1504108800000,4555.00000000,4598.08000000,4546.74000000,4589.99000000,28.32804600,1504112399999,129258.96481065,202,5.25742000,24049.03216978,11096.28445848
1504112400000,4546.75000000,4600.00000000,4546.74000000,4600.00000000,21.98594700,1504115999999,100587.25365122,204,8.96946700,41221.29950843,11030.96653986
1504116000000,4590.01000000,4609.92000000,4556.00000000,4556.00000000,13.83316500,1504119599999,63398.82209686,156,1.32636000,6097.57833649,10999.74791039
1504119600000,4554.07000000,4574.30000000,4532.80000000,4536.82000000,20.69812000,1504123199999,94220.95509816,159,0.74536800,3388.06195467,11090.52901044
1504123200000,4536.82000000,4571.87000000,4516.87000000,4547.74000000,17.61370200,1504126799999,80036.81137391,186,0.18512800,845.93586965,11081.08675357
1504126800000,4547.74000000,4565.00000000,4531.53000000,4547.26000000,24.53115700,1504130399999,111581.39039642,134,4.41977900,20109.61925477,11090.32231909
1504130400000,4561.69000000,4579.91000000,4547.24000000,4547.90000000,32.28917300,1504133999999,147257.26014658,152,6.93150600,31728.13364593,11022.71019736
1504134000000,4547.91000000,4579.85000000,4547.81000000,4555.14000000,41.04767100,1504137599999,187196.73535741,263,8.41522700,38490.15093273,11438.91527360
1504137600000,4555.14000000,4579.99000000,4555.14000000,4569.66000000,33.39053000,1504141199999,152557.50363479,135,8.32729700,38117.07607021,11463.35159273
1504141200000,4579.99000000,4605.99000000,4569.65000000,4574.80000000,27.07516500,1504144799999,124073.91827080,172,6.28351400,28855.33566683,11428.16039761
1504144800000,4574.80000000,4600.00000000,4569.60000000,4596.54000000,32.12332500,1504148399999,147481.14816601,306,3.28723900,15118.22193006,11412.59286485
1504148400000,4596.54000000,4606.00000000,4592.19000000,4593.66000000,17.06186100,1504151999999,78429.98319406,201,3.34475200,15385.37765067,11324.19013489
1504152000000,4596.54000000,4609.00000000,4586.49000000,4591.56000000,38.73800900,1504155599999,178156.32202868,240,4.97606100,22917.78971748,11392.48196126
1504155600000,4592.92000000,4628.12000000,4578.17000000,4598.54000000,10.51493000,1504159199999,48376.51667174,82,1.39321400,6433.50458644,11341.85832609
1504159200000,4600.00000000,4613.00000000,4572.99000000,4572.99000000,32.27296200,1504162799999,148139.80851983,197,1.70218400,7832.04380666,11359.09010157
1504162800000,4572.99000000,4603.34000000,4572.64000000,4592.16000000,21.47302400,1504166399999,98497.85591867,111,2.31334300,10637.81321245,11323.12487680
1504166400000,4603.58000000,4615.00000000,4578.00000000,4586.51000000,24.18558000,1504169999999,111161.55845089,132,0.60242400,2780.17998398,11292.71049535
1504170000000,4572.64000000,4613.60000000,4572.64000000,4583.02000000,22.89293300,1504173599999,105144.60409862,157,6.35446200,29253.05551877,11171.25118870
1504173600000,4596.52000000,4678.57000000,4583.02000000,4632.96000000,32.97073500,1504177199999,152371.08609892,202,8.52529300,39468.41009135,11180.97106772
1504177200000,4632.97000000,4675.00000000,4631.41000000,4656.67000000,31.82556300,1504180799999,147979.18268522,161,5.66418400,26431.40304505,11202.07490034
1504180800000,4674.97000000,4674.97000000,4631.41000000,4673.87000000,43.41001700,1504184399999,202422.48205906,351,8.18334400,38239.48093840,11096.05082345
1504184400000,4673.87000000,4685.55000000,4632.87000000,4685.55000000,24.89700400,1504187999999,116120.26140983,160,8.87415800,41466.23028221,11017.06164094
1504188000000,4685.55000000,4685.55000000,4649.69000000,4685.55000000,20.19057100,1504191599999,94256.66385931,309,10.92198900,51083.19345692,11024.37717134
1504191600000,4657.76000000,4685.17000000,4648.82000000,4648.82000000,18.49960300,1504195199999,86350.99712729,79,2.63034200,12309.42420188,10969.00551526
1504195200000,4648.82000000,4685.56000000,4638.98000000,4684.98000000,16.27078400,1504198799999,76002.85722762,166,11.33440700,53090.69509188,10936.42111454
1504198800000,4684.98000000,4684.98000000,4638.98000000,4650.55000000,7.15972700,1504202399999,33427.10966318,106,4.74605600,22205.84619048,10896.03086055
1504202400000,4683.90000000,4717.45000000,4650.56000000,4700.13000000,18.48921300,1504205999999,86731.95225751,161,4.51082800,21169.25462785,10845.92009892
1504206000000,4703.02000000,4745.42000000,4678.78000000,4698.77000000,24.88343900,1504209599999,116909.05633528,170,8.97046200,42225.27893015,10824.26561653
1504209600000,4688.47000000,4717.42000000,4673.10000000,4673.14000000,13.14882700,1504213199999,61790.60150232,95,0.13113100,616.15440887,10839.84050842
1504213200000,4685.50000000,4724.71000000,4666.84000000,4724.71000000,16.74069200,1504216799999,78585.41698590,132,3.48422700,16389.03379271,10828.89680898
1504216800000,4685.03000000,4700.00000000,4666.84000000,4697.00000000,16.74069000,1504220399999,78514.95706405,174,6.15928100,28940.96766758,10792.61951729
1504220400000,4699.00000000,4724.89000000,4683.36000000,4724.89000000,12.00161800,1504223999999,56396.88078226,162,9.22713300,43376.76303346,10779.83873125
